year,wutbürger,afd,ich,mal,pegida,nazi,s21,all,jahr,wort,geben,wenn,amp,was,deutschland,bürger,wählen,noafd,wut,besorgen,mensch,ander,politik,lieb,merkel,rt,ein,einfach,sagen,jed,demokratie,eigentlich,nehmen,wie,cdu,sehen,nicht,hass,verstehen,wer,hören,the,leben,deutsch,mutbürger,co,neu,gt,mit,denken,csu,sachsen,stuttgart,thema,finden,bitte,protest,in,seehofer,bild,zeit,bleiben,bringen,für,leute,medium,weg,auch,hutbürger,land,lesen,wüten,angst,jetzt,brauchen,zeigen,flüchtling,wähler,2010,eine,braune,tag,meinung,ja,recht,problem,welt,wissen,politiker,nennen,lassen,fckafd,artikel,genau,original,stehen,lemminge,corona,welch,gleichen,chemnitz,schön,hab,halten,de,faschist,dank,lügenpresse,of,demo,ernst,anbiedern,innen,du,berlin,lieben,nazisraus,querdenker,gesellschaft,twitter,kommentar,heute,echt,klaren,is,nonazis,demonstrieren,politisch,partei,begriff,covidioten,dresden,straße,nopegida,spd,diese,spiegel,bekommen,bei,pack,hetze,frau,gerne,volk,schreiben,polizei,trump,düringer,dann,alt,bahn,sprechen,glauben,bremen,deutschen,leider,kennen,geschichte,gutmenschen,eher,nazis,laut,man,stimme,aufregen,also,unterstützen,weiß,frage,usa,kind,stuttgart21,stellen,this,ne,facebook,laufen,reichsbürger,dumm,grund,http,provinzpolitiker,lernen,islam,zdf,sichern,falsch,sonstig,fragen,gibt,online,gegner,gauland,https,helfen,link,ziehen,egal,verschwörungstheoretiker,nein,wichtig,auf,netz,ende,erklären,via,mann,fcknzs,gutmensch,einig,geht,wahl,immer,fahren,fast,von,10,protestwähler,studie,hassgesellschaft,fluechtlinge,fall,seite,nur,langsam,heißen,rassismus,ber,tatort,oder,nächst,on,im,hier,besorgt,vs,internet,löwe,bettvorleger,reden,video,regierung,herr,paar,nix,fdp,bezeichnen,treffen,nach,erfindung,nummer,syrien,herrlich,beschädigen,selten,tagesschau,ard,npd,sowas,manch,raus,fakenews,blöd,zielgruppe,frankreich,hashtag,bildungsferne,selber,antifa,000,direkt,vielleicht,gestern,fühlen,meist,bestimmen,nftcommunity,sprache,eu,vergessen,sogar,schaffen,ach,oh,erkennen,grüne,demonstrant,besorgtebürger,populismus,am,die,woche,opfer,wundern,halt,letzt,rage,nuhr,journalist,2011,solch,staat,zukunft,usw,blog,linke,geld,sog,tweets,euro,anzug,bundesministers,debakel,wortdesjahres,voll,21,neonazi,teil,macht,hetzen,hetzer,antwort,widerstand,schuld,europa,gescheiterte,anhänger,nachrichten,faktum,kritik,fehlen,to,platz,schnellen,beispiel,neues,dieser,wieso,schon,dämlich,dennoch,tweet,diskussion,aufschrei,stimmen,kinderehe,scharia,klein,passieren,svp,bieten,setzen,na,verlieren,idee,rechts,regen,mehrheit,überall,interessieren,unterschied,aus,and,passt,links,wilders,senil,liegen,lässt,empörung,fordern,hey,argument,for,uhr,ändern,völlig,bewegung,braun,fb,über,aktuell,grüner,peinliche,abgesprungen,gelandet,bezahlt,scheinen,sehr,nutzen,vom,nachdenken,freuen,frankfurt,nord,kosten,greis,hundekrawatte,mordversuch,kantholz,lügengeschichte,zorn,system,art,diktatur,you,irgendwie,ganz,böse,stadt,etc,empören,lt,arbeit,unwort,rhetoric,gefahr,schauen,sogenannt,rechte,15,fällen,buch,interessant,bauen,wütend,morgen,habe,merken,text,rassisten,verdienen,spielen,das,meinungsfreiheit,gefühl,sorgen,zahlen,haus,schlimm,schreien,gewinnen,gg,neonazis,patrioten,dankbar,bayer,gelbwesten,schimpfen,hallo,gut,zug,sofort,nochmal,genauso,traurig,handeln,super,wünschen,auto,sorge,mehr,einzig,gegen,troll,woher,wahrheit,hoffen,reichen,grenze,deutsche,migranten,bzw,30,protestieren,negativ,interview,zumindest,erst,manchmal,integration,shit,klimawandel,beitrag,folgen,solange,arbeiten,trotzen,benutzen,werfen,interesse,db,roland,presse,öffentlich,coronaleugner,familie,suchen,spannen,tja,beleidigen,ok,name,diskutieren,aktion,bisschen,it,20,sozial,spät,leipzig,bildung,wirsindmehr,diffamieren,kopf,wutjournalisten,gelbewesten,weil,11,ständig,politische,beid,folgend,verhindern,äußern,kotzen,blockieren,journalismus,schweiz,lachen,wann,montag,vor,lieber,rein,wahr,sorry,person,maske,tragen,ding,mob,bundestag,dazu,sache,haben,gutbürger,arm,hamburg,vorher,faz,nachbar,refugeeswelcome,spon,weder,50,impfgegner,rufen,stark,stolz,folge,beschimpfen,hauptsache,beschweren,zum,gen,dorf,grün,führen,sitzen,ausländer,endlich,lol,as,het,lösung,schule,bald,vorbei,mut,noch,idioten,boden,erstmal,hut,shitstorm,stuttgarter,längst,germany,are,fail,occupy,sinn,schwurbler,skandal,mitte,nen,eh,bloß,möglichkeit,annewill,danke,typisch,peinlich,frei,gedanke,wutbürgern,give,history,ban,gem,wieder,entstehen,punkt,gelten,wissenwasmanwählt,illner,petition,funktionieren,bürgerlich,kriegen,melden,paris,freund,aufklärung,kaltland,pirat,mobil,erwarten,massnahmengegner,schwer,osten,alternative,erzählen,covid19,zusammenhang,aktiv,erfinden,account,entscheiden,gesicht,fallen,komplex,angstbürger,funky,blockchain,teriell,knetmann,gtshitah,hicetnunc,hicetnunc2000,cleannft,nft,nftcollector,nftartist,muss,dumme,werd,gibts,schreihals,groko,fest,essen,lustig,like,gerade,top,we,minute,erleben,münchen,türkei,wutpolitiker,modebewussten,10er,lächerlich,medien,rede,satire,bilden,nett,gewalt,nachricht,steuer,lesenswert,german,rechtsstaat,meckern,nichts,steuerzahler,söder,rechtsextrem,fremd,arme,gegenteil,und,unglaublich,täter,rassistisch,ddr,deutlich,frust,hassbürger,nieder,reaktion,bundesregierung,bautzen,soviel,dummheit,der,berichten,milliarde,abend,wund,tatsächlich,wird,umweltsau,nun,revolution,bedrohen,provinzling,griechenland,anonymous,gemeinsam,klar,rechtsradikaler,schaden,querdenken,demonstration,stecken,aluhut,projekt,zahl,mund,ähnlich,irgendwas,meine,parlament,hatespeech,gez,richtige,blick,verständnis,erhalten,van,gefährlich,superwahljahr,analyse,drehen,anti,afdwähler,bildungsfernen,respekt,dankemerkel,persönlich,passen,socialmedia,debatte,digital,pro,wg,nacht,verunglimpfen,schramm,mainstream,berliner,freiheit,12,teilen,übernehmen,alleine,weihnachten,verbieten,angry,plötzlich,toll,my,anstatt,begrüßen,dran,bevölkerung,kleiner,erreichen,nerven,2016,gemein,2015,ziemlich,ansehen,sonntag,propaganda,warten,wahren,obwohl,live,realität,köln,kämpfen,früh,islamisierung,brüllen,100,muslim,23,18,wehren,bürgerbeteiligung,übel,la,klingen,fan,gedenken,wdr,populisten,brexit,engagieren,preis,c2708,erzielen,wulff,hogesa,park,aussage,zeitung,post,ergebnis,total,news,inzwischen,minderheit,stelle,lese,leerdenker,gehts,beleidigung,info,grad,flughafen,erinnern,versuchen,täglich,offensichtlich,no,glück,rechnen,future,verbreiten,hart,absolut,versagen,mutieren,satz,berichterstattung,fürchten,ignorieren,klasse,job,demokratisch,doku,erklärung,treiben,lasst,hartaberfair,hilfe,17,krieg,würde,prozent,sz,gründen,offenbaren,hoffentlich,erkläre,wegen,22,dirk,präsident,rasant,elite,frank,masterplan,vernehmen,nebenerwerb,brüller,schulabschluss,00,verseuchen,jahres,ausgabe,putin,extrem,pandemie,ecke,youtube,heutig,raum,früher,ort,mach,ahnung,lockdown,tollen,zerstören,kommunikation,überlegen,bestehen,fürs,heut,unzufrieden,mord,republik,weidel,dieses,predator,dat,danken,jen,beschreiben,verantwortung,reich,beschäftigen,gruß,stresstest,scheiß,bedienen,angeblich,jammern,heuteshow,sau,feiern,wert,akzeptieren,entscheidung,nonpd,angela,lösen,richtung,holen,ler,bekennen,niveau,dieter,recherchieren,anfang,gute,hambacherforst,ernsthaft,deutscher,georg,petry,stimmung,ruhe,berufstätigkeit,btw17,lügenpack,tiefbahnhof,grundwasserverseuchung,affenversuche,klinikkeime,steuergeldverschwendung,krebserkrankungen,benzol,grundwasser,gefährden,sonst,bevor,fresse,dialog,unterwegs,vorstellen,niemals,demokrat,generation,weiterhin,nase,parole,legen,behaupten,müll,gruppe,china,hutbuerger,bezahlen,hand,rot,wahrscheinlich,normal,antworten,byebyeafd,stimmt,anstand,inhalt,2017,gott,vermutlich,lied,gehören,mist,terror,monat
2010,516,0,25,32,0,0,43,13,159,196,13,14,0,13,9,28,7,0,20,0,2,6,4,4,1,54,7,4,7,2,9,14,1,10,1,16,2,0,4,11,48,15,3,9,15,0,8,4,4,8,0,1,5,1,14,16,6,5,0,2,1,3,3,2,2,1,0,2,1,1,5,8,0,2,3,1,0,0,66,1,0,2,1,3,2,1,0,2,3,2,3,0,0,6,0,2,0,0,2,0,0,11,17,2,3,0,1,0,7,1,1,0,0,3,2,4,0,0,9,3,0,1,5,0,3,0,1,3,0,4,0,0,6,0,1,1,14,0,3,0,0,0,2,0,0,1,0,0,0,1,4,1,0,0,3,1,12,0,0,10,0,4,4,0,0,4,0,1,0,0,3,11,0,1,1,0,1,0,2,1,0,0,0,0,1,3,0,0,3,5,1,0,0,0,1,1,1,1,0,2,5,0,0,3,3,2,3,0,0,1,4,6,1,0,0,4,0,0,0,0,0,1,0,0,0,2,0,0,0,0,1,0,0,5,0,3,1,0,0,1,0,1,0,1,2,1,1,4,2,1,0,0,0,0,1,0,2,0,3,0,1,0,1,0,0,0,0,0,0,2,1,5,0,0,1,5,0,14,0,1,0,0,2,3,2,0,0,0,0,3,0,1,0,1,3,1,1,0,1,9,1,1,2,0,2,0,0,0,0,0,0,0,0,29,0,5,0,2,4,0,0,0,2,1,0,0,0,0,0,0,2,1,12,2,0,3,0,2,4,0,0,0,1,0,4,0,0,1,0,0,2,0,1,0,1,0,0,0,1,1,2,1,0,1,1,0,0,1,1,0,0,0,0,0,0,1,0,0,0,6,2,1,0,0,0,0,0,1,0,0,0,1,1,0,0,1,0,0,0,0,0,5,0,1,0,4,3,1,0,3,0,2,8,3,8,0,1,2,0,0,0,1,0,0,0,5,4,4,0,2,0,1,1,2,1,2,0,2,0,0,0,1,1,0,0,0,1,0,1,1,0,0,1,1,0,0,0,0,0,0,0,2,1,0,0,1,1,0,0,2,3,0,1,0,1,3,0,1,0,2,0,0,0,0,4,0,0,0,4,1,0,0,0,2,2,0,0,0,0,1,0,0,2,0,0,0,2,0,0,1,0,0,0,0,1,0,0,0,1,0,1,0,0,0,0,0,0,0,0,1,0,1,0,1,3,1,0,1,0,0,1,0,2,0,0,0,1,0,0,10,0,1,0,1,1,1,0,0,0,1,0,0,0,0,1,6,0,0,0,0,0,0,1,3,3,0,0,1,1,3,0,0,0,1,0,0,2,0,2,2,4,0,0,0,0,0,3,0,0,0,0,2,0,0,0,4,0,0,0,0,0,0,1,1,0,0,0,1,0,1,0,0,0,1,0,0,0,0,0,0,0,0,1,0,0,1,0,7,0,0,1,1,0,0,0,0,0,0,0,0,0,0,0,0,0,2,0,2,1,0,0,1,2,2,0,0,0,1,1,0,0,0,3,0,0,0,1,0,0,0,0,0,0,1,0,1,0,1,0,0,0,0,0,0,0,0,2,0,0,0,0,0,0,0,0,0,0,0,0,1,0,0,0,1,2,0,0,0,3,3,0,0,0,0,3,0,0,0,1,1,0,2,1,0,0,0,0,0,0,0,2,2,0,0,1,0,0,0,2,0,0,0,0,0,1,2,0,0,2,0,0,0,1,4,0,0,1,1,0,0,1,0,0,2,2,0,1,0,0,0,0,0,0,0,0,1,0,1,0,0,1,2,0,1,1,0,0,0,0,0,0,0,0,0,0,0,1,0,0,3,0,2,0,0,0,1,0,0,0,0,0,0,0,2,0,0,1,2,0,0,0,1,0,2,0,0,1,0,0,0,0,0,0,1,0,0,1,1,0,0,0,0,0,0,0,1,0,0,0,0,0,0,0,0,0,1,0,1,0,0,0,2,0,0,1,5,0,0,0,3,0,0,0,0,0,0,0,12,0,0,0,0,0,0,0,1,0,0,1,0,0,0,0,0,1,0,0,2,2,0,2,0,0,0,2,1,0,1,0,0,0,3,0,0,0,1,0,0,0,0,0,0,0,0,0,0,0,0,0,0,0,2,0,2,1,0,1,1,2,0,1,0,0,0,10,0,0,0,0,0,0,0,0,0,1,0,0,0,0,2,1,0,1,0,0,0,0,0,1,0,1,0,1,0,1,0,0,0,0,0,0,1,0,1,0,1,0,1,0,0
2011,785,0,55,32,0,0,92,18,35,27,12,13,0,15,16,18,12,0,21,0,13,8,18,9,7,67,14,9,11,6,20,21,4,8,14,9,6,1,2,9,8,10,9,12,13,5,15,7,2,11,3,0,26,12,8,4,30,13,0,7,8,10,2,3,11,3,5,3,0,6,7,8,6,9,9,8,0,4,14,8,0,5,3,7,3,3,13,5,13,4,5,0,6,4,0,5,0,0,0,6,0,2,9,13,5,0,2,0,6,7,2,0,0,7,4,4,0,0,3,3,3,4,3,5,4,0,7,12,5,8,0,1,7,0,3,3,6,5,10,2,1,5,2,4,2,3,0,27,1,9,7,10,1,2,8,1,8,0,3,8,0,4,4,1,1,1,0,4,9,2,4,9,3,0,7,8,5,0,3,1,1,0,5,0,7,1,5,0,4,7,11,5,0,0,5,1,2,5,0,3,3,4,0,3,3,3,2,0,2,2,2,3,2,2,5,3,6,0,10,0,0,2,3,3,2,3,0,1,1,3,3,4,1,4,0,8,6,0,0,1,2,6,3,2,2,10,0,3,2,2,0,1,0,0,2,0,2,0,4,3,2,0,0,0,0,1,0,2,0,7,0,1,7,2,2,1,0,0,7,2,2,8,1,4,0,11,2,0,0,2,0,4,0,2,2,2,1,0,1,19,1,3,2,2,3,4,5,1,3,11,0,0,0,1,5,10,1,1,0,0,0,3,5,4,3,0,0,0,0,4,3,5,2,1,0,6,0,2,3,0,2,5,4,0,0,0,0,0,2,0,0,0,4,3,5,0,3,6,5,3,2,0,1,2,1,0,0,0,2,4,5,2,3,1,2,1,3,11,0,9,2,3,5,0,0,0,0,2,2,1,2,0,1,3,0,5,0,0,0,0,0,3,5,0,1,1,2,2,6,0,1,1,2,2,12,0,1,0,0,0,2,1,5,3,4,4,3,5,2,2,0,1,0,1,0,1,0,2,3,1,1,1,4,0,0,0,2,0,2,0,2,0,1,1,1,0,1,5,0,0,0,5,0,1,0,1,2,1,3,0,1,0,1,5,4,1,4,0,1,2,1,0,1,2,3,1,0,1,0,3,0,1,10,3,2,0,0,3,4,1,0,1,0,1,6,2,3,5,1,3,0,0,0,3,1,0,0,0,5,1,1,1,0,4,0,1,2,1,0,1,2,0,0,0,2,0,1,2,0,2,0,1,2,0,2,1,2,1,0,0,1,2,0,3,1,2,0,0,1,0,3,2,1,0,2,0,0,3,2,1,0,1,4,3,1,3,0,0,1,6,1,1,0,1,1,0,4,2,2,0,3,15,1,0,4,1,1,0,0,0,1,3,2,1,2,1,1,0,0,0,0,0,1,3,1,0,1,5,0,0,5,3,0,3,0,0,7,0,1,0,1,0,2,0,0,1,4,2,2,1,1,2,0,0,0,0,0,0,0,0,0,0,0,0,0,2,2,1,1,0,0,3,1,2,1,4,1,0,0,4,0,1,1,0,0,1,0,3,0,1,1,1,0,2,0,5,0,2,1,2,0,0,0,0,1,0,1,0,0,0,1,1,0,5,2,1,0,1,1,0,0,4,3,1,1,1,0,1,3,1,0,11,7,0,0,0,1,0,0,0,0,3,0,0,0,0,2,1,0,0,0,2,0,1,2,0,3,2,0,5,0,0,2,0,2,1,0,2,6,1,0,3,0,5,1,4,1,1,1,0,1,0,0,1,0,0,0,0,0,2,1,1,0,0,0,1,0,2,4,2,0,1,1,0,0,1,1,0,0,0,0,1,0,2,1,0,4,1,1,1,0,1,1,0,0,7,2,0,1,2,0,0,0,3,1,2,3,0,3,0,3,0,0,0,0,3,3,0,1,1,2,0,1,1,1,0,0,1,3,1,1,0,0,2,0,3,1,1,3,0,1,1,0,1,0,1,0,0,6,5,2,1,0,0,1,0,1,0,0,0,0,0,0,0,0,0,0,1,1,0,0,0,1,1,0,1,1,0,1,0,0,0,0,2,1,1,1,5,2,0,0,0,1,0,0,2,0,0,2,0,0,1,8,0,0,0,0,0,0,0,1,1,0,0,4,3,0,0,0,2,2,0,0,0,1,0,0,0,3,0,0,4,0,0,0,0,0,0,0,0,0,0,0,0,1,0,2,1,0,0,0,0,0,0,1,0,0,1,0,1,2,0,2,0,1,0,1,0,0,2,1,0,0,0,0,1,0,2,0,3
2012,465,0,17,17,0,1,59,10,7,8,13,5,1,4,6,19,1,0,16,0,4,7,22,13,17,24,3,5,6,6,9,6,16,2,15,3,3,1,2,4,4,1,3,2,19,1,4,1,5,5,2,0,40,7,1,3,10,4,1,4,4,4,0,6,3,0,3,3,1,0,2,6,2,4,5,1,0,0,1,3,0,3,2,5,3,0,5,3,3,5,9,0,3,2,0,2,0,0,2,5,0,4,6,0,10,0,1,0,1,7,1,0,0,3,4,0,0,0,2,0,4,5,2,2,4,0,3,2,2,5,0,0,2,0,1,2,1,3,6,0,0,2,2,2,2,2,0,25,1,0,6,1,2,56,1,0,3,0,1,2,0,3,3,1,4,0,1,4,0,0,0,5,4,0,1,4,1,0,1,1,0,0,1,0,5,1,2,0,1,1,5,2,0,0,4,1,1,0,0,3,1,0,5,1,0,2,1,0,0,1,2,3,5,5,1,1,1,1,1,0,0,0,3,2,3,0,0,6,1,1,3,3,2,4,0,3,3,0,0,1,4,1,2,2,1,3,3,1,7,0,0,0,0,0,0,2,4,0,2,3,0,0,1,0,0,0,0,4,0,0,1,3,4,3,1,4,0,0,4,1,1,1,0,3,0,2,3,0,0,3,1,0,2,0,2,1,1,0,0,3,1,3,2,3,1,0,2,3,0,8,0,0,0,1,1,2,0,0,0,0,0,0,2,3,0,0,0,28,0,0,4,3,0,0,1,3,1,1,1,0,0,2,5,0,1,0,0,1,0,0,0,4,1,0,0,0,1,1,0,1,0,2,0,1,0,0,0,1,2,2,1,0,7,0,0,3,0,0,0,2,0,1,7,0,0,0,0,0,1,1,3,1,1,2,28,2,0,0,0,0,0,2,3,2,0,4,0,0,0,0,1,0,1,2,4,0,0,1,0,0,5,3,0,4,2,0,1,1,0,0,0,2,1,1,1,0,2,3,2,0,1,3,2,0,0,0,0,0,2,2,0,2,1,4,2,0,1,6,0,3,0,2,0,1,1,0,0,1,0,0,3,0,1,1,0,14,3,1,2,0,0,0,0,1,0,1,0,2,0,1,0,17,9,0,1,0,0,0,3,1,2,1,2,2,2,2,4,0,1,0,0,0,0,4,0,0,0,0,0,0,2,0,0,2,0,0,0,0,1,0,2,4,0,9,0,0,0,0,0,0,0,1,2,0,1,1,0,0,1,0,1,1,0,1,0,0,0,2,1,0,3,1,0,2,2,0,0,1,0,0,0,0,1,0,1,1,3,0,0,2,1,0,14,0,2,4,5,2,2,0,5,5,0,0,2,0,1,0,2,0,0,1,2,0,1,1,1,0,0,0,0,1,3,0,0,0,0,7,0,0,0,0,0,0,1,0,4,3,3,0,2,0,0,2,0,0,3,0,3,1,1,0,0,0,0,0,0,0,0,0,0,0,0,0,0,0,1,2,4,0,0,4,0,0,5,0,9,0,1,1,3,0,1,0,0,0,1,2,0,1,1,1,1,1,2,0,0,1,1,0,0,0,0,7,0,0,5,0,0,1,0,1,2,1,0,1,0,1,0,2,1,6,2,0,0,0,0,1,2,0,0,2,10,3,0,0,2,0,0,0,0,0,0,0,1,0,0,1,0,1,2,0,0,1,0,0,0,0,0,1,0,0,1,0,0,0,0,1,3,2,5,0,2,6,0,2,0,2,0,0,1,0,2,0,0,0,0,1,0,0,0,0,0,1,0,0,0,0,0,0,0,1,0,0,2,0,0,0,1,0,0,0,0,1,0,0,7,0,0,1,0,0,0,0,0,1,6,0,0,13,0,0,1,1,0,1,1,0,0,0,1,1,0,0,0,1,1,8,0,1,1,0,0,0,7,0,0,0,0,0,2,0,3,0,0,0,1,1,4,5,0,0,0,0,1,1,0,1,2,0,0,1,0,0,1,6,2,14,0,1,0,0,0,0,0,1,14,0,1,1,0,0,0,1,3,2,0,0,2,0,0,1,0,1,1,0,0,0,1,0,4,0,0,0,1,1,1,2,0,1,0,0,2,1,1,1,0,0,0,1,0,2,0,0,2,0,0,0,0,0,1,1,0,2,0,0,1,0,6,0,1,5,0,0,1,13,14,14,14,14,14,14,14,0,0,2,0,0,0,0,0,0,3,1,0,0,0,0,0,0,5,0,0,0,0,0,0,2,0,1,0,0,0,0,1,0,0,1,0,1
2013,431,1,18,15,0,0,46,8,5,11,14,6,4,11,10,14,2,0,7,0,5,2,16,7,14,12,10,3,8,5,9,8,4,4,1,4,3,0,3,11,3,1,3,4,16,0,5,5,8,1,0,0,8,0,2,6,15,5,2,2,9,4,4,2,0,4,4,2,0,3,1,4,6,7,3,3,0,2,1,5,0,2,4,3,3,1,0,2,3,2,3,0,8,1,0,8,0,0,1,1,0,5,4,1,2,0,4,0,1,1,0,0,0,1,9,0,0,0,0,1,3,10,1,5,3,0,3,3,2,3,0,0,3,0,4,3,18,4,1,0,0,5,1,1,2,2,0,2,1,4,5,2,1,0,0,0,1,0,0,1,0,2,1,2,1,1,0,6,1,1,3,2,2,1,1,1,1,0,1,1,0,0,1,0,4,1,3,0,3,3,5,5,0,0,2,2,1,1,0,0,4,1,1,3,1,0,1,0,0,2,1,4,3,1,2,0,2,1,17,0,0,1,0,2,2,2,1,30,5,2,0,0,4,1,0,3,2,0,0,0,3,3,1,0,3,0,2,0,4,5,0,0,0,0,0,0,1,0,0,1,2,0,0,0,0,1,0,1,0,1,0,0,2,1,4,0,0,2,2,4,2,0,4,1,1,0,3,0,0,1,3,2,0,0,0,0,0,0,0,0,1,1,2,0,0,1,0,0,1,1,0,0,0,2,1,2,0,2,2,0,0,1,4,2,8,0,0,0,0,7,2,4,1,0,4,2,0,0,2,1,1,0,2,5,1,0,0,0,2,0,1,3,2,2,1,1,3,1,1,2,0,1,2,0,4,0,0,1,5,4,1,0,0,0,2,1,0,2,1,3,1,1,2,0,0,0,0,0,3,2,0,1,0,4,0,0,0,0,0,0,0,2,1,0,1,0,2,1,0,1,0,3,0,1,0,0,0,1,0,1,0,1,6,2,3,0,0,1,1,1,0,0,0,2,0,0,0,0,2,0,1,0,0,0,0,1,0,0,2,1,3,1,2,0,3,1,0,1,0,0,0,2,1,0,0,0,3,2,5,3,2,1,1,1,1,1,3,3,1,1,0,1,0,0,2,0,2,0,0,1,1,0,2,1,1,0,0,0,0,0,1,1,1,0,1,0,0,2,0,1,1,1,0,1,0,0,0,0,0,1,0,0,0,3,2,1,5,1,2,0,0,1,0,1,1,1,1,0,0,0,1,0,1,0,1,0,0,0,2,1,2,2,0,2,0,3,0,1,0,1,0,0,0,1,0,0,0,2,0,1,0,2,0,0,0,0,0,1,1,0,1,0,0,1,0,0,4,1,0,1,4,0,4,0,2,2,0,0,1,0,0,0,0,2,0,1,0,0,0,0,0,2,0,0,1,0,2,1,0,1,0,1,0,1,0,0,3,0,1,0,0,0,0,2,0,0,0,1,0,0,0,2,0,0,0,0,0,0,0,0,0,0,0,0,0,2,1,2,1,0,3,0,0,2,0,1,2,0,1,0,3,11,0,0,0,2,0,0,0,1,1,0,1,0,1,0,0,1,2,0,0,0,0,0,0,1,0,0,0,0,0,2,0,0,0,2,0,0,0,0,1,0,1,1,0,1,0,2,1,0,0,1,0,0,0,0,0,0,1,3,0,2,0,0,1,0,1,1,0,2,1,0,0,1,0,0,1,0,2,0,0,0,0,0,0,1,0,1,0,1,2,0,0,0,0,3,0,2,1,2,0,0,1,0,1,1,2,0,0,0,1,0,0,2,0,0,0,0,1,0,1,0,3,0,1,0,0,2,0,0,0,2,0,0,0,1,0,1,0,1,0,0,0,0,0,2,0,0,0,0,0,16,1,0,0,1,0,0,1,0,0,1,0,0,0,1,0,4,0,0,0,0,0,0,0,0,0,0,1,0,1,0,0,3,0,1,0,2,0,0,2,0,0,0,0,1,0,3,0,1,0,0,0,0,1,1,0,0,1,0,0,0,0,0,0,0,0,0,1,0,0,0,0,0,0,0,1,1,1,0,0,0,0,2,0,0,0,0,0,0,0,0,0,0,0,1,0,1,1,0,0,0,0,1,0,0,0,2,0,1,1,1,2,0,0,0,0,1,0,0,0,0,0,0,1,0,0,1,0,0,0,1,0,0,1,0,0,0,0,0,0,0,0,5,0,0,0,0,1,0,0,0,2,1,0,0,0,0,0,0,0,0,0,1,1,0,1,2,0,0,0,0,0,3,0,0,0,0,0,0
2014,413,6,23,17,58,4,19,3,5,7,11,9,7,9,13,5,2,0,5,2,1,4,7,12,2,8,6,7,6,5,5,7,2,6,1,1,5,2,0,2,5,2,3,5,12,1,7,2,1,1,1,2,3,5,0,1,6,2,0,1,4,2,2,2,1,4,4,17,1,3,3,2,4,5,2,2,0,2,4,2,0,5,1,2,7,3,1,1,1,1,4,0,6,2,0,3,0,0,1,0,0,4,0,2,4,0,1,0,2,9,1,0,0,2,6,4,1,0,1,2,5,3,2,4,3,1,1,0,4,4,0,8,3,7,1,3,4,1,2,1,0,3,2,6,3,2,0,5,1,5,5,3,2,0,4,6,1,3,1,3,1,6,2,2,3,0,0,0,1,2,0,5,1,0,1,2,1,0,0,2,0,0,2,0,5,1,3,0,4,1,4,3,0,0,0,0,1,2,0,4,2,1,1,1,1,2,0,0,1,1,1,0,0,2,0,1,5,0,1,0,0,2,3,1,1,0,0,0,6,0,2,1,2,0,0,3,1,0,0,2,1,3,0,1,0,1,1,3,1,10,0,0,1,0,0,0,4,0,0,1,1,0,1,0,15,0,0,0,1,2,0,0,2,2,2,1,0,1,1,2,1,0,2,1,0,0,5,0,2,1,3,3,0,0,1,3,0,0,2,1,1,3,0,0,6,0,3,0,0,0,0,0,0,2,2,1,2,1,2,1,0,0,7,0,2,0,1,0,0,0,0,2,0,1,0,0,0,3,1,0,0,0,0,0,0,0,0,1,2,1,0,0,2,2,2,0,1,1,1,1,0,4,0,1,2,0,0,1,1,0,1,1,1,0,3,3,1,2,1,1,1,0,1,0,0,0,0,1,3,3,0,0,0,3,0,0,0,0,0,0,0,2,3,0,0,2,1,1,1,1,2,2,1,0,1,0,0,2,0,1,0,2,1,1,0,2,1,4,2,1,0,0,0,1,1,1,2,0,0,1,3,0,2,0,0,1,1,0,0,1,0,2,1,1,2,0,0,1,1,0,0,1,0,1,4,1,0,0,1,1,0,0,0,2,0,0,1,2,0,1,0,0,0,1,0,3,1,2,0,0,1,1,1,0,2,0,0,1,1,2,0,1,0,5,0,1,0,0,0,1,1,0,0,0,2,1,0,0,0,0,0,0,0,3,0,1,2,1,0,1,1,3,0,0,0,0,1,0,0,0,0,2,2,0,2,1,1,0,2,0,1,2,1,5,0,0,0,1,1,0,1,0,1,1,0,0,0,1,0,1,0,0,0,0,0,1,1,0,2,0,1,0,1,1,0,1,1,1,1,0,1,1,2,0,3,1,3,0,1,0,0,0,2,2,0,1,0,0,0,0,0,0,0,1,1,0,1,3,2,0,1,1,15,0,8,0,2,16,0,0,0,0,0,1,0,0,1,0,1,0,0,0,0,2,0,0,0,0,0,0,0,0,0,0,0,0,1,2,0,0,2,0,1,0,1,0,1,0,1,0,0,0,0,0,0,0,1,1,0,0,3,3,0,0,1,1,0,0,0,1,0,0,0,0,1,0,0,0,3,0,0,0,0,0,1,1,0,0,1,1,0,0,0,0,1,1,0,1,2,0,0,1,0,0,2,0,0,0,0,0,0,0,1,0,1,0,0,1,0,3,1,1,1,0,1,0,0,3,0,1,0,0,0,0,0,0,0,0,0,0,1,2,3,1,1,0,1,0,0,0,0,1,0,1,1,1,0,1,1,1,0,1,0,0,0,0,0,0,0,0,1,0,2,0,4,0,1,0,1,1,0,0,1,0,2,2,3,1,0,0,1,0,0,0,0,0,1,0,0,0,13,0,0,3,1,0,1,1,0,1,0,0,0,1,0,0,0,1,0,0,0,0,1,0,0,0,0,1,0,1,1,1,0,1,0,0,0,0,0,1,1,0,3,0,0,0,1,0,1,0,1,0,0,0,0,0,0,0,0,5,0,0,0,0,0,0,0,0,2,0,0,0,0,0,0,2,0,0,1,0,0,0,0,0,0,1,1,1,0,1,0,0,1,0,1,0,0,1,0,0,0,0,1,2,1,1,0,1,0,0,1,0,0,0,0,0,1,0,1,0,0,0,1,0,0,0,1,0,1,0,1,0,0,0,0,0,0,0,0,0,0,0,0,0,0,0,0,0,0,0,1,0,0,0,0,0,2,0,2,0,0,0,1,1,1,0,1,0,0,2,0,0,0,0,2,0,0,1,0,0
2015,708,34,27,31,117,23,42,21,7,8,12,23,13,11,17,18,4,2,14,10,5,6,13,10,7,12,17,17,18,13,13,7,41,12,5,7,42,14,2,11,1,21,5,7,9,3,9,1,27,8,3,1,5,8,7,4,7,6,1,5,5,10,4,14,7,12,6,0,0,7,5,9,11,4,6,3,13,3,1,4,2,4,4,6,9,3,5,4,4,8,3,0,3,3,1,4,0,0,9,3,0,3,3,6,8,3,5,15,20,4,38,0,0,6,5,4,1,0,0,6,5,6,2,1,4,2,28,0,7,8,0,7,5,10,3,3,10,2,3,1,2,3,1,5,7,3,14,2,0,0,3,2,4,0,0,2,0,0,6,3,4,0,3,2,5,2,39,1,1,0,4,6,6,2,5,2,2,0,1,1,0,0,3,1,1,2,2,1,0,4,4,11,0,0,5,2,1,2,6,0,3,3,9,2,2,2,0,0,4,0,2,1,1,2,2,9,5,0,1,0,7,2,1,2,2,0,4,0,5,3,2,3,9,4,2,3,3,0,0,1,2,2,1,3,5,2,1,3,2,19,0,1,1,1,1,1,6,8,3,0,2,0,5,1,0,0,0,3,3,0,7,3,0,1,0,0,0,0,0,2,4,0,3,2,2,1,1,1,2,1,5,2,0,1,3,1,18,0,2,0,2,2,2,1,1,4,5,4,2,5,0,0,0,0,0,1,2,2,3,1,1,3,1,1,7,0,2,0,2,1,2,2,0,3,2,0,2,2,1,0,24,1,1,6,2,0,0,0,2,5,2,1,1,1,3,1,3,1,1,1,0,2,1,4,2,15,0,0,2,5,3,0,2,1,3,2,2,4,3,0,4,0,0,0,0,0,0,3,2,0,7,2,1,0,0,1,0,0,0,0,0,1,1,2,1,2,1,2,1,4,2,3,4,0,1,18,0,1,2,1,1,2,1,0,1,0,2,0,0,1,3,0,2,3,3,3,1,4,2,2,2,1,1,1,5,1,0,0,2,0,3,2,1,5,1,0,0,2,1,0,1,3,2,9,1,6,2,0,1,0,0,3,0,0,1,0,0,0,1,0,0,0,1,2,0,0,1,0,3,3,0,0,1,2,2,0,2,0,1,0,0,1,1,2,0,0,0,1,0,1,2,0,0,1,0,9,0,2,1,3,1,0,0,0,0,0,0,0,1,1,0,1,3,1,0,2,2,0,0,0,2,2,2,0,0,3,1,3,1,0,6,0,8,8,0,0,0,1,1,3,1,1,4,1,0,0,0,0,7,2,0,0,2,0,0,0,2,0,0,2,2,2,0,3,1,4,1,1,1,0,2,0,1,0,1,0,2,3,0,1,0,2,1,0,0,0,2,0,0,1,0,1,1,0,1,0,3,1,0,1,0,2,1,1,1,5,2,0,2,0,1,0,1,1,0,1,1,4,1,1,0,1,0,1,0,0,0,0,0,0,0,0,0,0,0,1,3,0,3,0,2,2,1,0,1,0,0,1,2,2,0,0,0,0,0,1,0,0,2,1,0,3,0,2,2,2,1,0,1,0,0,0,1,1,2,2,0,0,1,0,0,2,1,0,1,0,0,0,0,2,0,0,2,2,2,1,0,0,3,4,0,3,0,1,1,0,0,0,0,0,0,1,0,0,0,2,0,2,0,2,0,1,2,0,1,2,0,5,2,5,0,1,0,0,1,0,0,1,1,3,0,1,2,0,0,2,1,2,1,2,2,1,0,1,2,1,2,2,0,1,0,4,2,0,0,1,6,2,1,1,1,0,0,0,3,2,3,1,2,5,1,1,2,0,1,3,0,1,0,0,0,1,1,3,0,0,2,0,0,0,2,0,1,0,0,0,1,1,1,0,3,1,0,3,2,0,1,0,0,1,2,0,0,0,0,0,0,0,1,2,0,0,0,2,0,1,1,0,2,1,1,1,3,0,0,1,1,0,1,0,0,2,0,0,1,1,2,0,0,1,0,0,0,0,0,0,0,0,0,2,0,0,1,1,0,2,1,1,1,0,0,1,2,2,0,2,1,0,0,0,0,0,0,0,1,1,0,2,2,1,1,1,1,1,0,1,1,1,3,1,1,1,0,0,1,1,0,2,1,0,0,0,12,0,1,0,0,0,0,2,0,0,0,0,1,0,0,0,0,0,0,0,0,0,1,0,1,2,1,1,1,0,1,1,1,2,0,1,0,1,1,0,0,0,0,0,1,0,0,1,0,0,0,1,1,2,1,2,0,0
2016,1140,133,50,40,70,28,14,39,15,8,26,26,38,41,36,19,11,28,14,13,21,17,21,20,28,4,28,5,12,10,26,16,18,21,6,11,25,18,15,17,10,20,15,15,14,6,10,7,13,14,3,8,8,11,11,10,9,7,6,4,17,6,6,10,4,15,13,6,0,13,14,10,12,14,11,8,31,12,1,6,1,7,4,12,13,11,17,28,6,8,5,2,15,8,0,5,0,0,9,3,1,10,11,1,13,1,9,26,17,5,11,0,0,7,15,14,0,0,11,6,6,8,2,2,9,7,9,6,9,11,0,17,6,18,10,4,5,10,9,10,4,6,5,12,7,6,22,2,5,3,5,8,8,1,10,7,4,3,16,7,5,2,4,4,5,2,7,4,4,43,5,2,1,3,5,8,2,4,6,9,0,0,4,36,3,4,4,2,4,4,4,4,3,0,2,7,1,4,0,0,3,3,8,2,2,10,5,1,11,4,4,3,8,4,4,4,5,3,1,1,35,4,5,3,2,5,6,2,4,1,5,1,2,3,10,6,5,0,0,3,2,2,5,6,2,1,4,3,5,0,2,33,3,2,2,1,4,8,2,9,6,1,1,1,4,8,0,2,6,0,6,3,7,0,3,2,0,10,5,5,3,9,4,4,3,1,0,6,11,4,9,5,7,0,4,3,10,1,6,2,3,4,4,3,11,3,5,3,5,0,0,0,0,0,3,4,2,3,4,6,2,2,1,6,4,0,8,0,3,0,1,3,1,3,8,1,1,1,3,0,1,2,1,6,5,32,32,2,3,4,2,0,5,1,7,6,5,1,1,0,1,6,3,2,5,14,0,2,1,0,3,3,4,0,5,0,2,2,2,1,2,3,0,0,0,0,0,4,3,3,4,2,2,1,0,1,0,0,0,0,0,1,2,4,3,1,4,0,5,3,3,3,1,3,0,10,6,3,3,4,6,2,1,2,2,6,0,2,1,4,4,6,5,5,1,1,3,0,2,5,1,2,2,1,6,0,1,0,4,2,2,2,1,1,2,4,1,1,4,2,3,3,2,4,5,1,3,3,0,5,3,0,0,0,3,0,3,0,4,1,3,1,0,3,5,1,2,0,1,3,2,0,1,2,2,0,0,4,1,2,1,2,1,2,2,2,3,1,2,2,2,3,0,4,4,3,0,2,0,2,1,5,0,2,2,5,2,3,2,1,3,2,1,2,1,2,4,2,0,1,1,4,1,0,0,0,6,2,4,3,0,2,8,1,3,3,0,5,2,2,2,4,1,0,3,0,1,2,1,1,3,9,0,1,8,1,1,2,1,1,2,3,1,2,0,0,2,5,4,12,1,0,1,0,2,4,1,1,1,0,4,2,3,1,2,2,1,0,0,0,0,4,2,4,1,0,7,0,3,0,1,2,1,2,1,7,1,1,0,0,2,1,3,1,0,1,1,2,0,3,2,1,0,3,0,0,0,0,0,0,0,0,0,0,0,3,0,1,3,2,3,0,1,0,3,2,0,10,1,3,6,5,0,0,0,3,4,0,2,0,2,1,1,2,9,2,3,0,0,0,1,0,0,2,2,6,2,6,0,1,2,1,8,0,3,0,10,3,1,4,1,1,2,1,1,2,0,5,1,2,0,0,0,1,4,0,2,0,1,3,1,2,3,3,2,2,2,1,2,1,2,3,3,1,3,3,0,1,2,2,0,0,3,5,0,1,4,1,2,0,1,3,0,1,0,1,1,0,2,2,1,2,0,1,2,1,1,3,1,0,0,0,0,2,8,1,0,1,2,2,4,1,2,3,0,2,3,3,1,0,1,1,0,6,1,1,0,3,0,4,1,1,0,4,11,1,1,0,0,0,1,0,0,1,1,3,1,3,2,2,3,1,0,0,2,4,1,0,3,3,0,0,1,1,2,1,4,2,1,0,3,2,2,0,3,1,0,1,3,1,5,2,3,1,1,2,3,1,1,0,2,1,0,0,0,0,0,0,6,0,0,0,0,0,0,3,0,0,1,1,2,0,0,1,3,0,2,1,1,1,0,3,2,1,0,0,2,1,1,1,0,0,1,0,3,2,0,0,2,1,0,1,1,1,3,2,1,1,2,2,0,0,1,1,1,1,1,2,1,2,1,0,0,0,2,0,1,3,1,1,8,1,0,0,0,1,0,0,0,0,0,0,0,1,2,2,3,0,1,2,1,1,0,0,1,0,1,0,0,0,0,0,0,2,2,2,1,2,0,0,2,0,4,2,0,1,1,1,4,2
2017,822,130,36,56,32,23,7,21,9,7,22,28,38,23,21,8,18,47,22,8,18,25,12,17,17,1,21,20,17,23,11,8,8,17,7,6,8,18,13,15,6,3,13,15,10,4,8,9,6,9,5,9,2,11,6,8,4,16,0,2,12,11,7,3,10,8,7,9,0,10,8,13,10,8,10,8,11,17,1,4,6,9,9,9,7,7,10,5,10,8,6,9,2,12,0,5,0,0,8,3,0,5,5,4,8,0,5,11,2,2,4,0,0,3,3,10,2,0,5,10,10,6,7,2,11,13,0,5,5,4,0,6,4,10,14,7,1,6,2,4,8,5,3,6,6,3,12,0,1,7,4,5,9,0,4,2,2,1,7,5,25,9,6,1,4,4,1,9,8,1,6,5,6,1,4,8,2,9,5,2,0,0,4,1,4,3,6,1,2,1,3,6,9,0,4,6,5,4,1,5,8,7,8,6,3,8,8,7,10,3,1,4,1,0,7,3,3,7,2,16,0,1,6,6,4,2,1,0,13,7,1,1,4,0,3,4,4,0,0,4,0,1,4,2,5,3,2,4,1,0,1,1,2,0,0,0,5,3,3,5,6,15,4,0,1,2,0,3,1,3,0,1,0,3,1,7,0,2,2,3,5,4,3,4,5,3,0,11,7,5,2,2,2,6,4,2,1,0,3,2,3,1,5,4,4,4,2,0,8,0,0,0,0,0,4,1,1,1,4,3,10,6,1,2,1,1,6,0,5,3,1,2,4,6,2,9,3,2,2,0,2,3,2,7,7,0,0,4,1,4,2,3,1,3,2,5,2,3,2,1,0,0,2,3,2,0,1,3,2,2,2,5,2,1,5,1,0,2,2,0,3,0,2,0,0,0,0,0,3,2,2,9,4,1,0,2,0,0,0,0,0,5,0,2,0,1,3,2,2,1,2,4,3,2,1,0,0,2,7,1,0,0,2,2,0,1,3,0,3,3,1,2,2,2,0,4,6,4,1,4,5,0,4,0,5,1,0,0,3,2,4,1,1,0,3,1,2,1,1,4,1,1,7,1,1,1,0,2,1,3,0,0,4,1,1,0,1,1,3,2,0,0,0,3,1,1,0,1,1,2,1,0,0,2,1,0,1,1,0,4,4,0,1,0,2,1,0,3,1,2,0,4,0,2,6,4,0,3,1,1,2,1,0,0,2,3,0,0,1,4,1,1,5,0,2,2,1,4,0,1,2,0,2,0,2,2,2,2,4,1,1,2,1,0,2,0,0,1,3,2,0,3,4,2,2,0,1,4,2,2,1,5,1,2,2,1,2,1,2,3,4,1,0,0,1,1,0,2,3,0,0,0,1,1,3,1,1,2,2,0,6,1,2,6,2,1,1,1,0,0,1,0,3,0,2,0,2,0,3,1,2,2,0,0,0,3,1,0,5,0,3,2,2,1,0,1,2,0,3,2,1,3,0,1,0,0,0,0,0,0,0,0,0,0,0,2,5,0,3,0,0,3,2,3,2,2,2,1,3,2,1,0,4,0,0,1,0,2,1,0,2,1,2,3,0,0,2,1,3,2,0,4,0,2,2,0,3,1,1,0,1,2,1,0,2,1,0,5,0,1,4,0,2,2,2,0,0,3,0,2,0,0,0,2,1,1,1,0,0,2,3,2,0,0,0,3,2,1,3,0,3,0,1,5,5,0,0,0,1,0,0,0,2,7,0,1,2,1,2,1,0,4,3,0,2,0,0,1,1,1,1,2,4,0,0,3,0,1,0,2,1,5,1,0,5,2,1,1,1,1,2,2,0,0,2,3,0,3,4,2,2,1,3,0,2,4,0,1,1,1,1,0,1,3,1,0,3,0,0,1,0,0,2,3,0,0,2,1,1,3,0,2,0,1,0,2,1,0,2,0,1,0,4,0,0,0,1,2,1,1,0,0,1,1,2,0,0,1,1,1,0,2,1,2,3,2,3,0,0,0,2,3,0,0,1,0,4,0,4,2,0,0,0,0,0,1,0,1,1,1,1,0,2,1,3,0,1,0,1,1,0,2,2,1,1,0,1,1,2,0,1,6,1,0,0,1,4,1,0,0,1,1,0,1,3,0,0,3,0,0,1,0,3,1,0,2,2,0,2,1,0,0,0,1,3,0,1,1,0,10,0,1,0,13,1,0,0,0,0,0,0,0,0,1,1,2,1,0,3,1,2,0,0,0,1,1,2,1,1,0,2,0,1,0,1,3,0,1,0,1,1,2,5,2,1,1,1,1,2,0
2018,1283,353,66,96,77,106,15,77,26,10,74,47,65,31,59,42,85,89,35,121,59,32,33,65,58,3,34,31,40,34,27,23,14,19,68,36,13,32,53,15,12,10,34,32,18,9,14,7,25,20,97,46,3,15,24,23,7,14,99,20,20,13,48,42,18,13,37,34,67,24,17,14,17,13,17,18,31,16,1,8,70,29,14,17,18,31,9,12,9,15,15,13,12,14,77,14,82,0,14,45,77,15,6,7,7,6,14,14,4,8,1,78,4,16,8,15,16,0,15,12,8,14,18,13,15,30,3,14,15,8,0,15,19,16,21,23,1,8,9,24,22,12,10,13,15,14,8,0,13,15,0,10,9,0,6,13,7,13,14,7,5,5,8,3,4,9,1,5,9,3,10,2,9,3,12,7,15,7,8,15,0,51,13,7,5,12,10,35,12,8,4,5,7,0,7,11,12,10,5,10,8,9,5,9,12,7,9,14,10,9,18,6,8,6,8,4,2,7,2,21,1,8,6,5,5,10,16,2,6,9,6,4,8,7,13,4,4,41,41,10,9,7,7,5,7,12,7,7,6,0,36,2,2,36,0,4,1,7,8,6,8,7,2,34,15,5,15,7,17,7,11,9,5,12,8,8,0,1,6,2,9,4,6,3,12,4,20,8,7,5,2,5,10,13,3,5,3,14,9,0,5,7,4,8,5,8,6,10,3,2,35,35,35,0,4,1,6,9,7,9,12,9,3,6,5,33,7,1,8,5,8,3,5,4,4,3,2,7,7,0,2,7,8,4,4,0,0,5,5,1,17,9,3,4,4,9,7,6,13,8,10,10,7,6,8,0,1,8,4,4,6,11,4,3,6,4,5,4,6,2,9,9,6,0,30,30,30,8,2,7,0,6,9,1,0,11,0,0,0,0,0,2,2,6,5,4,5,1,5,5,6,2,2,4,1,0,10,2,7,12,5,4,7,7,7,4,2,1,7,3,6,7,4,2,2,3,5,3,4,4,3,13,5,20,4,19,18,19,4,5,1,4,4,1,2,6,8,3,5,1,5,3,5,1,5,9,8,5,5,4,4,9,9,3,2,1,3,3,6,6,4,1,2,3,1,2,7,16,8,2,17,0,0,6,2,0,11,7,4,2,4,7,6,5,1,6,7,4,7,7,3,3,15,2,5,4,23,7,1,4,7,5,2,2,6,2,4,7,3,6,2,0,3,5,3,3,4,3,0,5,4,5,4,1,5,9,5,8,5,3,4,3,2,0,6,1,0,3,5,7,4,5,1,5,3,1,1,5,2,4,10,2,3,0,2,5,5,1,6,2,4,4,1,3,12,2,1,1,3,1,1,0,2,0,0,2,3,2,3,15,3,3,3,2,4,0,2,0,1,0,0,4,3,4,4,0,1,0,5,3,5,0,2,7,6,3,0,0,1,0,5,2,4,3,0,4,3,1,6,5,3,5,2,4,0,0,0,0,0,0,0,0,0,0,0,4,2,6,1,15,4,1,4,6,3,3,2,4,4,3,4,1,3,19,19,3,1,1,5,9,2,1,6,1,0,2,9,3,4,9,15,5,1,2,4,2,2,5,7,7,6,3,2,0,4,1,2,3,10,2,7,3,2,6,3,2,0,4,2,5,18,0,0,1,1,5,7,0,1,4,0,1,4,2,4,6,4,1,4,3,1,1,4,4,0,4,0,3,4,1,10,7,5,2,3,2,5,3,0,7,5,2,4,0,2,0,5,3,5,2,1,7,1,1,3,3,3,4,2,5,7,0,6,3,0,5,3,0,4,3,2,5,2,7,1,1,3,5,5,3,4,2,8,0,1,3,0,5,2,1,9,7,0,4,2,3,0,16,15,0,0,0,4,0,1,3,1,2,2,1,1,7,0,4,3,0,1,1,4,5,1,4,1,1,1,0,1,5,3,2,4,5,3,3,2,3,3,1,0,2,2,3,3,4,3,1,2,3,0,4,3,3,0,0,1,0,4,0,4,3,15,15,15,15,15,0,1,0,1,1,2,0,2,1,1,2,4,5,2,5,0,1,3,0,3,2,2,0,3,7,1,2,3,0,4,1,4,1,3,3,6,3,0,4,3,1,9,0,1,3,3,3,0,10,4,1,5,5,5,5,6,7,0,8,1,13,5,3,0,0,3,2,14,1,0,0,0,0,0,0,0,0,0,3,2,0,4,5,1,4,3,4,1,3,2,6,3,2,1,2,1,10,2,4,2,1,3,1,0,5,4,1,3,1,4,1,4,2,1,1
2019,883,130,66,63,34,108,2,52,25,13,32,40,33,39,24,32,21,27,31,25,34,38,29,22,18,5,23,25,19,33,10,23,17,19,12,15,18,17,14,17,21,14,19,12,2,5,14,1,5,20,4,18,5,10,22,11,3,9,3,37,12,30,18,6,13,15,11,13,17,10,20,10,14,18,13,14,6,12,3,36,3,11,13,10,11,15,10,11,7,14,15,46,18,11,0,12,0,0,6,3,3,11,4,6,8,2,17,7,4,4,5,0,0,11,9,14,48,0,6,10,17,8,14,5,9,10,2,10,7,2,0,3,2,4,6,7,1,15,7,3,13,12,7,5,8,8,3,0,19,7,21,9,3,0,16,7,9,32,8,7,12,9,8,4,17,13,3,8,15,0,11,1,11,2,6,7,12,6,9,5,0,0,9,3,4,8,8,4,7,3,2,1,29,0,7,3,7,5,1,7,2,10,2,5,6,4,11,13,2,8,1,8,6,16,3,5,3,3,4,5,0,10,6,6,4,7,2,1,1,9,5,1,5,9,6,2,5,0,0,8,7,3,8,7,9,4,7,5,4,1,0,0,30,1,29,29,3,6,4,3,5,7,3,0,1,2,7,9,3,5,6,7,6,6,8,4,0,6,9,6,4,7,6,6,11,9,0,8,8,5,2,1,10,5,5,9,0,3,4,0,5,2,6,4,1,3,3,9,5,6,0,0,0,0,8,0,7,3,3,6,4,3,1,3,2,0,6,1,4,8,4,5,2,5,5,4,2,3,5,31,1,6,2,2,3,0,0,8,4,10,1,4,2,5,0,3,3,3,0,6,0,3,12,7,3,2,29,7,4,3,3,4,3,7,1,6,7,1,6,3,2,5,5,30,0,0,0,3,5,5,4,3,5,9,0,2,29,29,29,29,29,2,5,3,1,6,2,4,3,3,4,2,2,8,0,0,3,7,4,2,0,3,1,2,7,1,5,6,5,5,7,4,4,1,10,6,2,4,5,5,2,4,3,0,4,0,3,7,2,1,4,7,3,4,1,3,2,3,1,8,6,1,5,1,4,1,3,3,7,4,6,4,6,3,2,3,4,3,1,0,15,1,12,4,3,6,5,0,5,6,2,5,0,1,5,0,1,2,3,2,4,4,2,2,3,2,2,2,5,2,5,6,4,3,2,2,0,5,1,5,0,4,1,4,6,2,4,5,2,3,7,6,3,0,6,6,3,6,0,4,4,1,2,4,5,3,2,4,0,3,1,3,1,0,3,4,0,3,3,2,4,1,2,4,4,4,4,1,4,4,4,0,2,0,0,2,3,0,1,0,2,2,3,5,3,8,0,4,1,5,0,0,5,1,1,1,3,6,3,1,0,4,0,4,7,3,4,0,0,0,0,2,2,3,4,0,0,0,3,11,2,3,0,3,3,2,0,0,1,0,2,8,4,0,0,4,2,1,0,1,5,2,1,1,0,0,0,0,0,0,0,0,0,0,0,0,1,1,0,1,2,3,2,3,1,1,0,1,3,3,2,1,7,0,0,4,3,1,4,1,2,1,2,2,1,3,1,3,1,1,1,2,4,2,3,2,2,5,2,5,2,3,0,1,3,7,2,1,1,2,2,2,3,3,4,4,15,1,1,1,0,0,0,0,3,2,3,0,2,1,3,1,1,5,3,1,4,4,3,2,4,3,2,1,2,0,0,2,1,0,2,2,0,2,5,4,4,4,0,1,3,2,2,0,5,3,1,1,3,3,1,1,1,2,1,4,1,2,0,1,1,0,4,3,1,3,2,5,1,2,2,3,2,3,0,1,4,1,1,3,2,6,0,0,3,0,0,1,10,1,2,3,11,2,2,1,1,0,0,0,0,0,2,1,5,2,1,3,0,2,0,0,0,2,4,1,0,0,1,0,3,3,3,6,0,2,5,1,0,5,1,3,4,1,5,2,5,5,1,1,1,2,0,3,2,2,2,4,0,3,2,1,0,0,0,2,2,1,0,0,0,0,0,0,0,0,0,0,2,0,4,0,3,3,2,1,0,2,1,2,0,2,1,0,4,2,2,1,1,4,3,4,4,0,0,0,3,2,1,4,4,1,0,1,0,3,1,2,7,2,3,4,4,0,0,5,1,2,1,3,2,0,0,0,3,0,4,5,1,1,0,0,0,0,0,0,0,0,0,0,0,0,0,0,1,1,1,1,1,1,1,4,3,1,2,2,3,2,2,2,0,1,3,2,1,3,2,3,0,0,3,4,0,0,1,4,3,1,4,4
2020,772,92,51,56,15,45,3,45,12,5,43,29,31,33,33,21,40,29,14,32,35,38,22,15,16,0,15,31,15,16,14,18,14,17,14,24,10,19,24,16,10,3,12,12,3,2,21,0,18,8,1,11,13,11,15,17,15,20,1,15,14,8,8,10,24,18,8,11,13,14,9,11,11,8,13,23,3,27,3,13,4,11,12,13,7,8,5,9,13,15,10,10,7,15,1,16,1,47,17,8,0,7,6,24,3,60,14,3,1,11,7,0,23,8,8,3,5,27,12,13,8,7,12,7,3,7,8,11,7,8,46,4,5,2,3,7,2,6,7,4,6,6,8,6,2,11,2,0,7,9,1,9,15,0,7,13,9,5,3,4,4,9,11,33,7,10,1,8,5,0,3,2,4,1,6,2,6,17,10,0,0,0,3,1,3,8,0,3,7,8,2,4,0,0,6,9,10,6,19,3,4,4,3,3,10,3,2,7,3,4,7,4,2,3,5,4,6,1,3,0,0,3,5,7,6,5,11,0,0,2,7,2,2,2,5,2,6,0,0,5,4,6,6,8,2,1,8,5,5,2,1,2,1,0,2,0,3,5,6,5,3,4,18,1,2,1,17,3,5,5,3,4,3,4,5,3,0,2,2,3,4,3,5,2,0,3,2,3,0,1,3,7,2,4,6,6,0,18,7,0,8,3,2,7,0,6,2,4,7,2,0,0,0,0,2,4,11,7,1,6,3,6,5,4,1,0,2,1,5,3,4,2,4,7,3,1,2,8,2,1,0,2,4,1,5,0,0,4,4,1,1,4,4,8,4,2,1,3,5,5,15,1,3,4,3,0,0,2,3,2,3,3,3,3,2,5,7,1,3,2,4,7,2,0,0,0,0,2,3,1,2,1,4,4,0,3,0,0,0,0,0,0,5,3,11,0,2,1,2,2,4,4,1,2,0,0,3,5,2,3,0,5,1,3,1,1,3,0,3,0,4,1,4,4,5,3,2,1,3,0,6,1,2,4,2,3,0,0,2,6,5,1,6,4,5,7,5,1,9,2,6,0,0,4,2,2,2,1,0,2,2,8,2,0,7,0,0,6,3,7,0,0,5,3,3,5,5,2,2,2,0,0,0,2,2,19,3,3,3,3,5,2,4,3,5,4,0,2,4,1,9,6,4,3,2,0,0,2,0,1,2,3,1,1,0,3,2,3,2,2,2,2,4,1,2,2,4,0,18,8,5,2,0,0,3,1,0,2,3,1,4,4,1,0,1,2,9,3,0,2,2,3,6,4,3,0,4,1,1,2,2,1,6,0,3,6,2,1,5,1,2,8,1,4,1,1,1,2,2,0,0,0,0,5,1,6,0,3,6,1,4,1,4,1,1,5,2,0,0,0,0,4,3,3,4,0,2,0,4,2,4,6,1,2,0,0,0,0,2,0,1,5,1,6,15,4,0,0,1,4,2,0,15,4,0,0,0,0,0,0,0,0,0,0,0,1,2,0,1,0,2,1,4,1,2,6,2,1,2,1,0,0,0,0,0,2,4,4,2,2,2,2,3,0,1,1,0,4,3,2,0,6,0,0,1,4,0,0,3,2,5,2,1,0,1,1,3,3,4,3,2,2,1,1,2,6,2,0,0,0,0,0,0,2,0,5,0,8,4,0,8,1,6,3,2,1,1,3,1,2,0,2,3,1,1,6,0,0,2,1,5,7,4,1,5,5,2,3,1,1,0,0,0,0,2,0,3,0,1,2,5,0,6,1,3,0,3,0,0,3,1,4,2,3,1,1,3,3,1,4,0,0,1,1,1,5,1,1,1,2,6,2,2,2,1,2,1,2,2,3,2,1,2,0,0,0,0,0,0,0,0,0,1,0,3,1,2,0,3,3,3,0,1,0,2,2,3,0,3,2,3,4,1,2,1,0,2,0,2,2,1,2,1,1,2,1,3,2,1,3,2,4,2,4,2,2,3,2,0,2,3,1,15,15,1,0,0,0,0,0,0,0,0,0,0,0,0,0,3,4,2,10,2,2,0,1,3,1,1,3,3,3,3,2,1,5,3,2,0,0,0,0,2,0,1,2,1,1,1,3,1,2,0,1,2,3,1,4,1,4,3,2,4,2,2,1,4,2,2,1,2,4,1,1,1,1,0,0,0,0,0,0,0,0,0,0,0,0,0,0,0,0,0,2,2,4,0,1,2,0,1,2,1,3,3,1,1,2,0,6,0,1,2,2,2,3,2,1,0,0,1,4,0,2,2,2,3,1,2,2
2021,542,58,53,32,5,39,0,30,10,11,21,18,12,21,6,8,31,6,21,10,22,28,10,5,7,1,10,16,10,17,11,13,13,12,5,14,7,16,7,11,8,36,14,9,3,1,10,1,4,15,0,21,1,28,8,12,2,6,0,8,6,6,4,6,11,10,4,5,3,10,8,5,6,4,6,8,2,2,0,4,9,7,25,5,8,7,3,6,14,5,7,6,4,4,5,7,0,34,11,4,0,2,9,11,1,6,6,1,14,19,7,0,6,9,3,4,3,40,9,7,5,1,4,25,2,0,3,3,6,4,22,7,3,0,0,2,3,6,6,16,9,6,20,4,7,7,1,0,13,2,1,1,7,1,0,7,3,2,0,1,2,3,3,4,5,7,1,5,2,3,5,0,6,39,3,4,3,8,6,14,0,0,5,0,5,5,6,3,2,2,3,2,0,0,4,4,4,6,10,7,2,3,3,6,2,2,3,1,1,9,1,2,5,2,6,5,2,20,1,0,0,7,4,5,11,6,0,0,0,4,6,21,2,2,1,0,0,0,0,2,5,5,3,3,2,0,4,2,1,0,0,0,0,0,1,1,4,2,4,3,2,5,3,2,1,19,0,3,0,1,3,2,2,3,3,3,38,0,0,6,2,1,1,4,1,3,1,0,0,3,2,3,3,4,3,3,1,0,0,0,3,4,3,3,1,2,2,1,1,0,0,0,0,0,3,1,2,3,3,2,1,1,2,2,1,0,0,0,5,2,2,1,2,1,4,1,20,2,2,0,0,4,2,1,0,0,0,4,5,5,3,2,5,2,2,4,2,5,1,2,1,0,0,0,0,0,0,3,3,4,2,1,1,14,1,3,3,1,6,1,0,0,0,0,0,0,0,4,2,4,5,3,1,1,1,1,0,0,0,0,0,0,0,4,5,2,3,13,3,5,3,2,2,1,0,0,1,1,2,2,1,3,2,1,0,0,1,1,2,4,1,2,3,2,2,2,3,3,2,4,1,0,0,0,0,0,0,0,0,3,0,2,2,3,3,3,5,1,3,5,3,2,2,2,2,2,1,7,2,1,1,0,0,0,0,1,2,4,2,2,1,20,3,2,2,4,1,0,0,0,0,0,0,0,1,4,5,2,3,5,2,3,3,1,1,3,2,1,2,2,0,0,0,0,0,0,0,0,1,3,4,3,18,1,4,4,1,1,8,2,2,1,3,2,2,3,1,4,4,1,2,4,1,17,1,1,2,0,0,0,0,0,0,0,2,1,8,1,4,1,1,1,1,1,1,10,10,1,2,3,1,1,1,12,1,1,2,14,1,1,1,0,0,0,0,0,0,0,0,0,0,0,2,11,0,1,2,3,1,2,2,1,1,1,1,1,6,19,19,19,19,2,1,1,1,20,1,1,0,0,0,0,0,0,0,0,0,0,2,16,1,0,1,2,4,2,2,1,2,1,3,2,1,3,19,19,19,19,19,19,19,19,19,19,19,2,1,2,1,1,1,1,1,0,0,0,0,0,0,0,0,0,0,0,0,0,1,3,1,1,2,4,2,3,1,1,2,2,2,1,1,1,11,1,2,1,1,1,1,2,1,1,2,11,1,3,1,1,0,0,0,0,0,0,0,0,0,0,0,0,0,0,0,6,1,2,0,9,7,3,2,2,1,4,3,2,1,1,4,1,1,2,1,2,1,2,13,1,1,1,0,0,0,0,0,0,0,0,0,0,0,0,0,0,0,0,1,1,0,2,2,2,1,6,1,2,3,2,12,1,4,1,1,1,1,1,1,1,1,1,2,1,3,1,1,1,0,0,0,0,0,0,0,0,0,0,0,0,0,0,0,0,0,0,0,0,0,0,0,0,0,0,2,0,2,1,0,0,2,3,1,1,13,2,2,1,3,1,1,2,2,4,3,3,3,12,1,2,3,1,1,2,1,1,1,1,1,1,0,0,0,0,0,0,0,0,0,0,0,0,0,0,0,0,0,0,0,0,0,0,0,0,0,0,0,0,0,0,0,0,2,3,2,0,2,2,1,3,1,2,11,1,1,3,2,1,1,1,2,1,2,2,1,14,1,2,1,2,2,1,1,1,1,1,1,1,1,0,0,0,0,0,0,0,0,0,0,0,0,0,0,0,0,0,0,0,0,0,0,0,0,0,0,0,0,0,0,0,0,0,0,0,0,0,1,2,1,3,3,2,2,2,1,3,2,1,1,4,6,1,1,1,1,1,1,1,1,1,13,1,1,1,1,1,1,0,0,0,0,0
2022,33,2,1,1,1,1,0,0,0,0,2,3,0,3,0,0,0,1,2,1,2,6,2,0,0,0,1,1,1,1,1,0,2,1,0,1,1,0,0,0,0,0,1,0,0,0,0,0,1,0,0,0,0,0,0,1,0,0,0,0,0,0,0,0,1,1,0,0,0,0,1,0,0,1,0,0,0,0,0,1,0,0,0,0,0,0,0,0,0,0,1,0,0,2,0,0,0,1,1,0,0,1,0,1,2,1,0,0,0,0,0,0,0,1,1,0,0,8,1,1,0,0,0,0,0,0,1,0,0,0,0,0,2,0,0,1,0,0,0,0,0,0,1,0,2,1,0,0,0,0,0,0,0,0,0,0,0,0,0,0,0,1,0,0,0,2,1,0,0,0,0,2,0,0,0,0,1,0,0,0,0,0,0,0,0,0,0,0,0,1,0,0,0,0,0,0,0,0,1,0,0,0,0,0,0,0,0,1,0,0,0,0,1,0,0,0,0,0,0,0,0,1,0,0,0,0,0,0,0,0,0,0,0,0,0,0,0,0,0,1,1,0,0,0,0,0,0,0,0,0,0,0,0,0,1,0,0,0,0,0,0,0,0,0,0,0,0,1,0,1,0,0,0,0,0,0,0,0,0,0,0,0,0,0,0,0,0,0,0,2,1,1,0,0,0,0,0,0,0,0,1,1,1,0,0,0,0,0,0,0,0,0,0,0,1,1,0,0,0,0,0,0,0,0,0,0,1,1,1,0,0,0,0,0,0,0,0,0,0,0,0,0,0,0,0,0,0,1,1,0,0,0,0,0,0,0,0,0,0,0,0,0,0,0,0,0,0,1,0,0,0,0,0,0,0,0,0,0,0,0,0,0,0,0,0,0,0,1,0,0,0,0,0,0,0,0,0,0,0,0,0,2,1,1,0,0,0,0,0,0,0,0,0,0,0,0,2,0,0,0,0,0,0,0,0,1,1,1,0,0,0,0,0,0,0,0,0,0,0,0,0,0,0,0,0,0,0,0,1,1,1,1,1,0,0,0,0,0,0,0,0,0,0,0,0,0,0,0,0,0,0,0,0,0,2,0,0,0,0,0,0,0,0,0,0,0,0,0,0,0,0,0,0,1,0,0,0,0,0,0,0,0,0,0,0,0,0,0,0,0,0,0,0,0,0,0,0,1,0,1,1,0,0,0,0,0,0,0,0,0,0,0,0,0,0,0,0,0,0,0,0,0,0,0,0,0,0,0,0,0,0,0,0,0,2,1,1,0,0,0,0,0,0,0,0,0,0,0,0,0,0,0,0,0,0,0,0,0,0,0,0,0,0,0,0,0,0,0,0,0,0,0,1,2,1,0,0,0,0,0,0,0,0,0,0,0,0,0,0,0,0,0,0,0,0,0,0,0,0,0,0,0,0,0,0,0,0,0,1,3,1,0,0,0,0,0,0,0,0,0,0,0,0,0,0,0,0,0,0,0,0,0,0,0,0,0,0,0,0,0,0,0,0,0,0,0,0,0,0,0,0,0,0,0,0,1,1,1,1,1,0,0,0,0,0,0,0,0,0,0,0,0,0,0,0,0,0,0,0,0,0,0,0,0,0,0,0,0,0,0,0,0,0,0,0,0,0,0,0,0,0,0,0,1,1,2,1,0,0,0,0,0,0,0,0,0,0,0,0,0,0,0,0,0,0,0,0,0,0,0,0,0,0,0,0,0,0,0,0,0,0,0,0,0,3,1,1,1,1,0,0,0,0,0,0,0,0,0,0,0,0,0,0,0,0,0,0,0,0,0,0,0,0,0,0,0,0,0,0,0,0,0,0,0,0,0,0,0,0,0,0,0,0,0,0,0,0,0,0,0,0,0,1,1,1,1,1,1,0,0,0,0,0,0,0,0,0,0,0,0,0,0,0,0,0,0,0,0,0,0,0,0,0,0,0,0,0,0,0,0,0,0,0,0,0,0,0,0,0,0,0,0,0,0,0,0,0,0,0,0,0,0,0,0,0,0,0,0,1,4,1,1,1,1,0,0,0,0,0,0,0,0,0,0,0,0,0,0,0,0,0,0,0,0,0,0,0,0,0,0,0,0,0,0,0,0,0,0,0,0,0,0,0,0,0,0,0,0,0,0,0,0,0,0,0,0,0,0,0,0,0,0,0,0,0,0,0,0,0,0,0,0,0,1,0,0,0,0,0,0,0,0,0,0,0,0,0,0,0,0,0,0,0,0,0,0,0,0,0,0,0,0,0,0,0,0,0,0,0,0
